Relevance,Explanation
PARTLY_RELEVANT,"The generated answer partially addresses the question by providing information about where to find office hours sessions, but it's not directly answering the question. The mention of course-related queries and project updates is somewhat relevant, but the primary focus on YouTube playlists for specific courses makes it only partly relevant."
NON_RELEVANT,"The generated answer is completely unrelated to the question about the benefits of using a sparse matrix instead of a dense matrix. The content appears to be a jumbled mix of words and phrases, seemingly unrelated to mathematics or computer science."
NON_RELEVANT,The generated answer is completely unrelated to the question. The content appears to be nonsensical and lacks any connection to the topic of running 'conda create -n' in VS Code or project management.
NON_RELEVANT,"The generated answer is completely unrelated to the question about the arguments required by the roc_auc_score function. The content appears to be random and incoherent, with no connection to the topic of machine learning or data analysis."
NON_RELEVANT,"The generated answer is completely unrelated to the question about the -o option in the curl command. The content appears to be a jumbled mix of words and phrases, including names (Sherlock, Olly), concepts (incentives, beer, hispanic), and mathematical values (-0.85%), with no clear connection to the topic of curl commands or options."
NON_RELEVANT,"The generated answer is completely unrelated to the question about viewing directories and files in Ubuntu. The content appears to be a jumbled mix of words, phrases, and sentences that do not make sense in the context of the question."
NON_RELEVANT,"The generated answer is completely unrelated to the question. It appears to be a jumbled collection of words and phrases, with no coherent or relevant information about the practical advantage of using pandas get_dummies over sklearn OneHotEncoder."
NON_RELEVANT,The generated answer is completely unrelated to the question about the version of sklearn used in Alexey's videos. The content appears to be random characters and does not provide any information relevant to the query.
NON_RELEVANT,"The generated answer is completely unrelated to the question 'Are late homework submissions accepted?' and appears to be a collection of random sentences, phrases, and words that do not form a coherent or relevant response. The content is disjointed and lacks any connection to the topic of homework submissions."
NON_RELEVANT,"The generated answer is unrelated to the question about generating colorful classification reports. The content appears to be a jumbled mix of words and phrases, possibly from different sources, but lacks any coherent connection to the topic of report generation."
NON_RELEVANT,"The generated answer is completely unrelated to the question. It appears to be a jumbled collection of words and phrases, including what seems to be a URL, a reference to coursework, and an AI-related term. None of these elements are relevant to visualizing the distribution of median_house_value in the housing dataset."
NON_RELEVANT,"The generated answer is completely unrelated to the question. It appears to be a jumbled collection of words and phrases, including references to unrelated concepts such as C++, YouTube, FDA, and John Smithsonian Institute, with no clear connection to adding notes to a Community Notes section."
NON_RELEVANT,"The generated answer is completely unrelated to the question. It appears to be a jumbled collection of words and phrases, including names (Laptop, Rebecca), technical terms (plasticity inhibition, anaconda), and seemingly unrelated concepts (toilet_n, Botanical Gardening). None of these elements are relevant to the task of loading a dataset in Kaggle Notebooks."
NON_RELEVANT,"The generated answer is completely unrelated to the question. It appears to be a jumbled collection of words and phrases, seemingly from different contexts, with no coherent or relevant information about why validation or test data sets are excluded when calculating the mean in HW02, question 3."
NON_RELEVANT,"The generated answer is completely unrelated to the question about numpy functions necessary to find the intercept between precision and recall curves. The content appears to be a jumbled mix of words, phrases, and symbols that do not form a coherent or relevant response."
NON_RELEVANT,"The generated answer is completely unrelated to the question about what to do if RMSE scores for different alphas are the same. The content appears to be a jumbled mix of words and phrases, including programming language references (C++), geographical locations (North Korea), and nonsensical statements, with no clear connection to the topic of statistical analysis or machine learning."
NON_RELEVANT,"The generated answer is unrelated to the question 'Where can I see all the homework assignments?' and appears to be a jumbled collection of words, phrases, and sentences from various sources. It does not provide any relevant information or context related to homework assignments."
NON_RELEVANT,"The generated answer is completely unrelated to the question. It appears to be a jumbled collection of words and phrases, with no clear connection to the topic of converting non-numerical data to numerical in classification tasks using sklearn tools."
NON_RELEVANT,"The generated answer is unrelated to the question about checking final multiplication in the first section. The content appears to be random words and phrases, with no connection to mathematics or problem-solving."
NON_RELEVANT,"The generated answer is unrelated to the question about what a low standard deviation indicates. The content appears to be a jumbled mix of words and phrases, including references to NASA, AI, mealow, socio-, and other unrelated concepts."
NON_RELEVANT,"The generated answer is unrelated to the question about ensuring a dataframe copy does not reference the original variable. The content appears to be a jumbled mix of sentences and phrases from different contexts, including historical events, personal anecdotes, and unrelated concepts such as AI, finance, and anatomy."
NON_RELEVANT,"The generated answer is completely unrelated to the question about input formats for OneHotEncoder and DictVectorizer. The content appears to be random characters, HTML code, and nonsensical phrases, with no mention of machine learning or data preprocessing concepts."
NON_RELEVANT,"The generated answer is unrelated to the question. It appears to be a jumbled collection of words and phrases, including programming-related terms ('C++'), but they are not connected to the topic of why results might differ from provided options. The text also contains nonsensical sentences and seems to be a mix of different topics."
NON_RELEVANT,"The generated answer is completely unrelated to the question about fixing an error message in git push. The content appears to be random and nonsensical, with no connection to the topic of version control or error resolution."
NON_RELEVANT,"The generated answer is completely unrelated to the question. It appears to be a jumbled collection of words and phrases, with no clear connection to the topic of using Scikit Learn to get precision without defining TP, TN, FP, and FN."
PARTLY_RELEVANT,"The generated answer is partially relevant to the question because it discusses certification eligibility, but it does not directly address the impact of missing the midterm project on that eligibility. The answer provides information about completing projects and peer reviews, which is related but not a direct answer to the question."
NON_RELEVANT,"The generated answer is completely unrelated to the question about ValueError: multi_class must be in ('ovo', 'ovr') when evaluating feature importance with roc_auc_score. The content appears to be a jumbled mix of words and phrases, including references to unrelated concepts like butterflies, onions, anatomy, chemicals, and Taylor Swift, which do not provide any relevant information or solution to the problem."
RELEVANT,"The generated answer provides detailed instructions on how to install TensorFlow GPU on Ubuntu, including steps to install Nvidia drivers, set up Anaconda environment, and verify GPU support. The content is directly related to the question and covers all necessary aspects of the installation process."
NON_RELEVANT,"The generated answer is completely unrelated to the question. The content appears to be random characters and words, with no connection to the topic of fair comparison of F-scores across problems with different class ratios."
NON_RELEVANT,"The generated answer is unrelated to the question about formatting an email before computing its hash. The content appears to be a collection of unrelated phrases, sentences, and words that do not provide any relevant information or context related to the question."
NON_RELEVANT,"The generated answer is completely unrelated to the question about overfitting in machine learning. The content appears to be a jumbled mix of words, phrases, and symbols that do not form coherent sentences or concepts related to the topic."
NON_RELEVANT,The generated answer is completely unrelated to the question about pandas function used to find standard deviation. The content appears to be nonsensical and does not provide any relevant information or context related to the topic.
RELEVANT,"The generated answer directly addresses the question by providing information on what the course covers in terms of logistic regression and its interpretation, which aligns with the user's query."
NON_RELEVANT,The generated answer is completely unrelated to the question. The content appears to be nonsensical and does not provide any information about one-hot encoding or avoiding non-convergence errors.
NON_RELEVANT,"The generated answer is unrelated to the question about submitting homework post deadline. It appears to be a jumbled collection of phrases and sentences that do not address the topic, and instead seem to be discussing unrelated topics such as AI language modeling, infection control, and productivity appraisal systems."
NON_RELEVANT,"The generated answer is unrelated to the question about peer reviews and certificates. It appears to be a collection of random words, phrases, and names that do not provide any relevant information or context related to the topic."
NON_RELEVANT,"The generated answer is completely unrelated to the question. It appears to be a jumbled collection of words and phrases, with no coherent or relevant information about combining scikit-learn with matplotlib for model visualizations."
NON_RELEVANT,"The generated answer is unrelated to the question 'questions'. The content appears to be a jumbled mix of words and phrases, including references to specific entities (E-commerce/Fasten_AI Assistant), concepts (infection rate), and websites (Learnance.com), but none of these are relevant to answering questions. The tone and language used also seem to be informal and lacking in coherence."
NON_RELEVANT,"The generated answer is completely unrelated to the question about ROC curves and their invariance with different positive to negative ratios. The content appears to be a jumbled mix of words, phrases, and concepts from various domains (e.g., programming languages, AI, anatomy, sports), without any coherent or relevant connection to the topic at hand."
NON_RELEVANT,"The generated answer is completely unrelated to the question 'Is there a YouTube link for Week 5 videos?' and contains random words, phrases, and symbols that do not provide any relevant information or context."
NON_RELEVANT,"The generated answer is completely unrelated to the question about Python libraries needed to generate a histogram for median_house_value. The content appears to be a jumbled mix of words and phrases, seemingly unrelated to any specific topic or context."
NON_RELEVANT,"The generated answer is completely unrelated to the question about the KFold function in scikit-learn. It appears to be a jumbled collection of words and phrases, seemingly from different sources, with no coherent meaning or connection to the topic at hand."
NON_RELEVANT,"The generated answer is completely unrelated to the question. It appears to be a jumbled collection of words and phrases, including references to unrelated topics such as national museums, anacondas, and personalization, which have no connection to setting the Kaggle configuration directory path in a Jupyter notebook for using the Kaggle API."
PARTLY_RELEVANT,"The generated answer provides some relevant information on how to join a channel in Slack, but it is not directly answering the question. The provided steps are specific to joining a course channel and do not address the general question of how to join any channel in Slack."
NON_RELEVANT,"The generated answer is completely unrelated to the question about finding the theory GitHub repository. The content appears to be a jumbled mix of words and phrases, seemingly unrelated to any specific topic or context."
NON_RELEVANT,"The generated answer is completely unrelated to the question. It appears to be a jumbled collection of words and phrases, including what seems to be a reference to a pizza shop, a programming language (C++), and some nonsensical text. None of this content addresses the question about using an alternative to 'get_feature_names' for 'DictVectorizer'."
NON_RELEVANT,"The generated answer is completely unrelated to the question about solving ValueError related to having only 0's in the churn column. The content appears to be random words and phrases, with no connection to data cleaning or error handling."
NON_RELEVANT,"The generated answer is completely unrelated to the question about creating a deep copy of a dataframe. The content appears to be random and nonsensical, with no connection to dataframes or copying."
NON_RELEVANT,"The generated answer is completely unrelated to the question about Yellowbrick's use in evaluation metrics. The content appears to be a jumbled mix of words and phrases, seemingly unrelated to any specific topic or concept."
NON_RELEVANT,"The generated answer is completely unrelated to the question about verifying the current Python version. The content appears to be random and nonsensical, with mentions of C++0, theft, amusement, and anatomical terms that have no connection to the original query."
NON_RELEVANT,"The generated answer is completely unrelated to the question 'How do I submit my Week 3 homework?' and appears to be a jumbled collection of words, phrases, and concepts from various domains, including mathematics, physics, and computer science. There is no coherent or relevant information provided in response to the question."
NON_RELEVANT,The generated answer 'Cleaning' is unrelated to the question about the primary difference between OneHotEncoder and DictVectorizer. The answer seems to be a random phrase with no connection to the topic of data encoding or machine learning.
JSON PARSING ERROR,
NON_RELEVANT,"The generated answer is unrelated to the question about providing detailed instructions on scoring with variables. The content appears to be a jumbled mix of words, phrases, and symbols that do not form a coherent or relevant response to the query."
NON_RELEVANT,"The generated answer is completely unrelated to the question about resolving NaNs in RMSE calculation. The content appears to be a jumbled mix of words, phrases, and sentences from various sources, including tweets, articles, or books, but none of it pertains to the topic at hand."
NON_RELEVANT,"The generated answer is completely unrelated to the question about handling fillna() effectively in regression. The content appears to be a jumbled mix of words and phrases, possibly from different languages or contexts, with no coherent meaning or relevance to the topic."
NON_RELEVANT,"The generated answer is completely unrelated to the question about the isin() method in the context of filtering a dataset. The content appears to be a jumbled mix of unrelated phrases and words, with no connection to the topic at hand."
NON_RELEVANT,"The generated answer is unrelated to the question about who added the solution to the NameError issue in the FAQ section. The content appears to be a jumbled mix of words and phrases, seemingly from different sources, with no clear connection to the topic or context of the question."
NON_RELEVANT,"The generated answer is completely unrelated to the question. It appears to be a jumbled collection of words and phrases, with no mention of precision_recall_fscore_support from Scikit-learn or any relevant concept."
NON_RELEVANT,"The generated answer is completely unrelated to the question 'What is the initial step after joining the course?' and appears to be a jumbled collection of words, phrases, and sentences from various contexts. It does not provide any relevant information or insight into the topic of joining a course."
NON_RELEVANT,"The generated answer is completely unrelated to the question about how the alpha parameter affects Ridge regression. The content appears to be a jumbled mix of words and phrases, with no coherent or relevant information regarding the topic."
NON_RELEVANT,"The generated answer is completely unrelated to the question about specific use cases for the heatmap function. The content appears to be a jumbled mix of words and phrases, including what seems to be a phone number (1.50809), a mathematical equation, and nonsensical text, with no connection to heatmaps or their applications."
NON_RELEVANT,"The generated answer appears to be unrelated to the question about re-recording course videos. The content includes references to licenses, infection rates, C++ programming, a painter, and other unrelated topics. There is no mention of course videos or their re-recording, making it clear that the answer is not relevant to the question."
NON_RELEVANT,"The generated answer is unrelated to the question about allowing continuous variables for mutual information being subjective. The answer appears to be a jumbled collection of words and phrases, seemingly unrelated to any concept or idea relevant to the question."
NON_RELEVANT,"The generated answer is completely unrelated to the question. It appears to be a jumbled collection of words and phrases, with no coherent or relevant information about who added the solution for ImportError issues when launching Jupyter notebooks."
NON_RELEVANT,"The generated answer is unrelated to the question about Singular Matrix errors. The content appears to be a jumbled mix of words and phrases, including 'Certainly', 'Enzymease', 'beats per unitinga', and 'Younger', which do not provide any relevant information or context related to the question."
NON_RELEVANT,The generated answer is unrelated to the question about printing dataset information in pandas. The content appears to be nonsensical and does not provide any relevant information or context related to the topic.
NON_RELEVANT,"The generated answer is unrelated to the question about identifying the number of columns in a Pandas DataFrame. The content appears to be a jumbled mix of words and phrases, seemingly from different contexts, with no clear connection to the topic at hand."
NON_RELEVANT,"The generated answer is completely unrelated to the question about what to do if nothing shows when typing a password in the WSL terminal. The content appears to be a jumbled mix of words, phrases, and codes that seem to have no connection to the topic."
NON_RELEVANT,"The generated answer is completely unrelated to the question about using Matplotlib to annotate with an arrow and text. The content appears to be a jumbled mix of words, phrases, and symbols that do not make sense in the context of the question."
NON_RELEVANT,"The generated answer is completely unrelated to the question about installing Anaconda or Miniconda. The content appears to be random and nonsensical, with mentions of 'FDA', 'Golden Ratioville', 'Instruction', and other unrelated concepts."
NON_RELEVANT,"The generated answer is completely unrelated to the question about determining the correct RMSE score. The content appears to be a jumbled mix of words and phrases, including names (e.g., 'Billy-C/Teachercee'), technical terms (e.g., 'RMSE', 'C++0'), and nonsensical expressions (e.g., 'fraudularya'). There is no clear connection to the concept of RMSE or its calculation."
NON_RELEVANT,"The generated answer is completely unrelated to the question about a tutorial on LinearRegression from Scikit-Learn. The content appears to be nonsensical and lacks any connection to the topic, making it non-relevant."
NON_RELEVANT,"The generated answer is completely unrelated to the question about applying one-hot encoding to a column with car brands. The content appears to be random and nonsensical, with no mention of data encoding or car brands."
NON_RELEVANT,The generated answer is unrelated to the question about fixing an error on a Mac M1 chipset. The content appears to be a license statement and does not provide any information or solution related to the error.
NON_RELEVANT,"The generated answer is completely unrelated to the question about resolving 'wget is not recognized as an internal or external command' on a Windows system. The content appears to be random words and phrases, with no connection to the topic of troubleshooting wget issues."
NON_RELEVANT,The generated answer is completely unrelated to the question about passing parameters to roc_auc_score. The content appears to be random text with no connection to the topic of machine learning or parameter passing.
RELEVANT,"The generated answer directly addresses the question by confirming that it is possible to use a cloud service other than Saturn Cloud for the Deep Learning section, and even provides specific examples of alternative services (AWS and Google Cloud Platform). The context provided in the FAQ database also supports this relevance."
NON_RELEVANT,"The generated answer is completely unrelated to the question about standard deviation in statistics. The content appears to be a jumbled mix of words and phrases, including references to unrelated concepts (FDA, theorists, Washington, incentives, anatomy, etc.), making it impossible to discern any relevance to the original question."
PARTLY_RELEVANT,"The generated answer partially addresses the question by stating that the course does not require a GitHub link for sign-up. However, it also mentions an unrelated scenario where providing a public repository URL is necessary, which deviates from the original question's context."
NON_RELEVANT,"The generated answer is completely unrelated to the question. The content appears to be a jumbled mix of words and phrases, with no clear connection to the topic of mutual information or binarized price in HW3 Q3."
PARTLY_RELEVANT,"The generated answer partially addresses the question by confirming that the course will cover theoretical concepts related to logistic regression, but it also clarifies that these concepts will be explained at an intuitive level and not derived in detail. This provides some relevant information, but does not fully answer the question as it was phrased."
NON_RELEVANT,"The generated answer is completely unrelated to the question about rounding an entire Series in pandas. The content appears to be a jumbled mix of unrelated words, phrases, and sentences that do not provide any relevant information or context related to the question."
NON_RELEVANT,The generated answer is completely unrelated to the question about calculating RMSE using Python. The content appears to be nonsensical and does not provide any relevant information or steps related to the calculation of RMSE.
NON_RELEVANT,"The generated answer is completely unrelated to the question about ValueError: shapes not aligned during arithmetic operations in machine learning. The content appears to be random and nonsensical, with no connection to the topic of machine learning or error handling."
NON_RELEVANT,"The generated answer is completely unrelated to the question about the importance of ROC AUC in Binary Classification models. The content appears to be a jumbled mix of words and phrases, seemingly from different contexts (e.g., sports, music, personal anecdotes), with no discernible connection to the topic at hand."
NON_RELEVANT,"The generated answer 'I, a) ...' appears to be unrelated to the question about whether get_feature_names will be removed in a future release. The text seems to be a jumbled mix of words and phrases that do not provide any relevant information or context related to the question."
NON_RELEVANT,"The generated answer is completely unrelated to the question about importing tqdm for auto progress monitoring. The content appears to be random characters and words, with no mention of programming or import statements."
PARTLY_RELEVANT,"The generated answer partially addresses the question by mentioning additional requirements beyond just a laptop and internet, but it does not directly confirm or deny the necessity of these two items specifically for the Machine Learning section."
NON_RELEVANT,"The generated answer is completely unrelated to the question about encountering an error building a Docker image on a Mac with an M1 silicon. The content appears to be random and nonsensical, with no connection to the topic of Docker or M1 silicon."
NON_RELEVANT,"The generated answer is completely unrelated to the question about computing accuracy using scikit-learn library. The content appears to be random and incoherent, with no mention of machine learning, accuracy, or scikit-learn."
NON_RELEVANT,"The generated answer is completely unrelated to the question 'Where can I find the homework for Week 5?' and appears to be a jumbled collection of words, phrases, and symbols from various contexts, including programming languages (C++), sports (handballen), and personal names. There is no coherent or relevant information provided in response to the question."
NON_RELEVANT,The generated answer is completely unrelated to the question about regularization and the parameter 'r' in sklearn.Ridge(). The content appears to be a jumbled mix of words and phrases that do not form a coherent or relevant response to the question.
NON_RELEVANT,"The generated answer is completely unrelated to the question about checking a Python package version in Jupyter. The content appears to be a jumbled mix of words and phrases from various contexts, including anatomy, economics, and social media, with no clear connection to the topic at hand."
RELEVANT,"The generated answer directly addresses the question by confirming that help from the community is available for math-related questions, and provides specific details such as the FAQ and GitHub repository links. The mention of additional resources like videos covering linear algebra further supports the relevance to the original question."
NON_RELEVANT,"The generated answer is completely unrelated to the question about how OneHotEncoder and DictVectorizer handle feature ordering. The content appears to be a jumbled mix of words, phrases, and symbols that do not form a coherent or relevant response to the question."
NON_RELEVANT,"The generated answer is unrelated to the question 'Can you show me how to join a Slack channel?' and appears to be a collection of random sentences, references to unrelated concepts (e.g. essay-style documentary, programming languages), and unclear statements."
NON_RELEVANT,"The generated answer is completely unrelated to the question. It appears to be a jumbled collection of words and phrases, possibly from different contexts or languages, with no clear connection to viewing index datatype and the number of entries."
NON_RELEVANT,"The generated answer appears to be unrelated to the question about handling categorical features before using Ridge Regression. The content is incoherent and seems to be a jumbled mix of words, making it impossible to discern any relevance to the topic."
NON_RELEVANT,"The generated answer is completely unrelated to the question. It appears to be a jumbled collection of words and phrases, including names (e.g., 'FDA', 'Renton'), concepts (e.g., 'instruction', 'anatomicals'), and even emojis, but none of these elements are relevant to calculating metrics in Question 3 or any other context."
NON_RELEVANT,The generated answer is completely unrelated to the question about finding resources on multiple linear regression in matrix form. The content appears to be nonsensical and does not provide any relevant information or context related to the topic.
NON_RELEVANT,"The generated answer is unrelated to the question about disabling warnings in Jupyter Notebooks. The content appears to be a jumbled mix of words and phrases, with no clear connection to the topic."
NON_RELEVANT,"The generated answer is unrelated to the question about avoiding data leakage in machine learning. The content appears to be a jumbled mix of words, phrases, and URLs that do not provide any relevant information or context related to the topic."
NON_RELEVANT,"The generated answer is completely unrelated to the question about the difference between using predict(X) and predict_proba(X)[:, 1] for classification. The content appears to be a jumbled mix of irrelevant information, including names, places, and concepts that have no connection to the topic at hand."
NON_RELEVANT,"The generated answer is completely unrelated to the question about error messages and sample classes. The content appears to be a jumbled mix of words, phrases, and sentences that do not make sense in the context of the question."
NON_RELEVANT,"The generated answer is completely unrelated to the question. It appears to be a jumbled mix of words and phrases, with no coherent or relevant information about using curl to download a file on macOS."
NON_RELEVANT,"The generated answer is unrelated to the question about the difference between a normal distribution and a distribution with a long tail. The content appears to be random words, phrases, and sentences that do not provide any relevant information or context related to the topic."
NON_RELEVANT,"The generated answer is completely unrelated to the question. It appears to be a jumbled collection of words and phrases, with no coherent or relevant information regarding feature removal for accuracy comparison."
NON_RELEVANT,"The generated answer is unrelated to the question about finding deadlines for the 2023 cohort. The content appears to be a jumbled mix of unrelated text, including references to ants, Fibonacci sequences, YouTube videos, and Python code snippets, with no mention of deadlines or cohorts."
NON_RELEVANT,"The generated answer is completely unrelated to the question. It appears to be a jumbled collection of words and phrases, including references to Python programming, medicine, and geography, with no connection to Pandas or identifying the number of rows in a dataset."
NON_RELEVANT,"The generated answer is completely unrelated to the question. It appears to be a jumbled collection of words and phrases, with no coherent or relevant information about Scikit-Learn's functions or any other topic related to the question."
NON_RELEVANT,"The generated answer is completely unrelated to the question about commands for shuffling and resetting the index of a pandas DataFrame. It contains random words, phrases, and sentences that do not make sense in the context of the question."
PARTLY_RELEVANT,"The generated answer partially addresses the question by listing some Python basics required for the course. However, it also includes unrelated information about an article and its context, which is not relevant to the question."
NON_RELEVANT,"The generated answer is unrelated to the question about finding a link to learn more about the California housing dataset. The content appears to be random and incoherent, mentioning topics such as oranges, beats per unit, and a banquet, which are not relevant to the original question."
NON_RELEVANT,"The generated answer is completely unrelated to the question about checking if dimensions of two matrices are compatible for multiplication. The content appears to be random words and phrases, with no mention of matrix operations or compatibility."
NON_RELEVANT,"The generated answer 'Theft of ate' is unrelated to the question about computing Question 3 metrics. The provided text appears to be a jumbled collection of words and phrases, seemingly unrelated to any specific topic or context."
NON_RELEVANT,The generated answer is not related to the question about reading a file with Pandas in Windows. It appears to be incomplete or unrelated text.
NON_RELEVANT,"The generated answer is completely unrelated to the question. It appears to be a jumbled collection of words, phrases, and symbols that do not make sense in the context of the question. There is no mention of encoders, feature separation, or any other relevant concept."
NON_RELEVANT,"The generated answer is completely unrelated to the question about computing recall from Scikit Learn. The content appears to be a jumbled mix of unrelated words, phrases, and sentences, with no clear connection to the topic of machine learning or data analysis."
PARTLY_RELEVANT,"The generated answer partially addresses the question by providing information about certification eligibility, but it also introduces additional context (late joining and missed homeworks) that is not directly related to the original question."
NON_RELEVANT,"The generated answer is completely unrelated to the question about setting IPv6 to Manually on MacOS Ventura. The content appears to be a jumbled mix of words and phrases, seemingly unrelated to any specific topic or context."
NON_RELEVANT,The generated answer is completely unrelated to the question about the syntax for using precision_recall_fscore_support in Python. The content appears to be random text with no connection to the topic of programming or Python.
NON_RELEVANT,"The generated answer is completely unrelated to the question about running code in Jupyter to see the version of an installed Python package. The content appears to be random and nonsensical, with no mention of Python, Jupyter, or package versions."
NON_RELEVANT,"The generated answer is completely unrelated to the question about mutual information score and its use with categorical or discrete variables. The content appears to be random text, mentioning 'anaconda', 'infection', and other unrelated concepts."
NON_RELEVANT,"The generated answer is completely unrelated to the question. It appears to be a jumbled collection of words and phrases, seemingly from different contexts, with no clear connection to the topic of importing functions for RMSE calculation in scikit-learn."
NON_RELEVANT,"The generated answer is completely unrelated to the question about when it's appropriate to compute the correlation matrix. The content appears to be random and nonsensical, with no connection to statistics or data analysis."
NON_RELEVANT,"The generated answer is unrelated to the question about 'use the training only' in homework 2, question 3. The content appears to be random words and phrases without any coherent meaning or connection to the topic."
NON_RELEVANT,"The generated answer is completely unrelated to the question. It appears to be a jumbled collection of words and phrases, seemingly from different contexts, with no coherent or relevant information about finding a useful video for understanding the normal equation in linear regression."
NON_RELEVANT,"The generated answer is completely unrelated to the question about customizing seaborn heatmap. The content appears to be a jumbled mix of words and phrases, seemingly from different contexts, with no coherent or relevant information regarding heatmaps or customization."
PARTLY_RELEVANT,"The generated answer provides detailed steps to set up TensorFlow with GPU support on Ubuntu using WSL2, but it does not directly address the question of whether there is a guide available. The content is relevant to the topic, but it's more about providing a solution rather than confirming the existence of a guide."
NON_RELEVANT,"The generated answer is completely unrelated to the question about limiting decimal places. It appears to be a jumbled collection of words and phrases, seemingly from different contexts, with no coherent or relevant information regarding the original question."
NON_RELEVANT,"The generated answer is completely unrelated to the question about navigating back to the previous directory in Ubuntu. The content appears to be a jumbled mix of words and phrases, seemingly from various sources, but none of them are relevant to the topic at hand."
NON_RELEVANT,"The generated answer is unrelated to the question about avoiding ValueError when dealing with differently shaped arrays. The content appears to be a jumbled mix of words and phrases, seemingly from different contexts, and does not address the specific issue mentioned in the question."
NON_RELEVANT,"The generated answer is completely unrelated to the question about maintaining class balance in multiclass classification. The content appears to be nonsensical and lacks any connection to the topic, making it non-relevant."
NON_RELEVANT,"The generated answer is unrelated to the question about a logistic regression model crashing in Jupyter. The content appears to be a jumbled mix of words and phrases, including seemingly unrelated topics such as mindfulness, AI, theft, and gardening, with no clear connection to machine learning or programming."
NON_RELEVANT,"The generated answer is completely unrelated to the question about cross-validation in model training. It appears to be a jumbled collection of words and phrases, possibly from different contexts or languages, with no coherent meaning or connection to the topic."
NON_RELEVANT,"The generated answer is completely unrelated to the question about setting up WSL on Windows 11. The content appears to be a jumbled mix of words and phrases, seemingly unrelated to any specific topic or context."
NON_RELEVANT,"The generated answer is completely unrelated to the question about when to transform the target variable. The content appears to be a jumbled mix of words and phrases, with no clear connection to the topic of data transformation or statistics."
NON_RELEVANT,"The generated answer is completely unrelated to the question about Python version recommendations. The content appears to be a jumbled mix of unrelated text, including references to photography, theater, and SAT scores, with no mention of Python or programming."
NON_RELEVANT,"The generated answer appears to be unrelated to the question about including the validation dataset in EDA. The content is fragmented, mentions various unrelated topics (e.g., biochemical considerations, socio-fiction, Instagram, federal Reserve Bankers's Theorem), and seems to be a jumbled collection of words rather than a coherent response."
RELEVANT,"The generated answer directly addresses the question by confirming that the Deep Learning part of the course is indeed more resource-intensive than the Machine Learning part, and even provides a practical solution for accessing these resources."
NON_RELEVANT,"The generated answer is completely unrelated to the question about finding the Dockerfile to fix a Docker image build error on Mac M1. The content appears to be random and nonsensical, with no connection to the topic of Docker or containerization."
NON_RELEVANT,"The generated answer is unrelated to the question about handling numerical features in Ridge regression. The content appears to be random words and phrases, with no mention of relevant concepts such as data preprocessing, feature scaling, or regularization."
NON_RELEVANT,The generated answer is completely unrelated to the question about using Scikit-Learn's train_test_split in a course. The content appears to be nonsensical and lacks any connection to the topic of machine learning or data splitting.
NON_RELEVANT,"The generated answer appears to be a jumbled collection of words and phrases unrelated to the question about selecting the lowest alpha. The content is nonsensical, with references to anatomy, music, and other unrelated topics."
NON_RELEVANT,"The generated answer is completely unrelated to the question about getting an error when using multiple conditions in Pandas. The content appears to be random and nonsensical, with references to C++, beans, and socioeutanize that have no connection to the topic of Pandas or data analysis."
NON_RELEVANT,"The generated answer is completely unrelated to the question. The content appears to be a jumbled mix of words and phrases, with no clear connection to the topic of predict_proba or its relation to probabilities per class."
NON_RELEVANT,"The generated answer is completely unrelated to the question about cross-validation in model performance evaluation. The content appears to be random and nonsensical, with no connection to the topic of machine learning or statistics."
NON_RELEVANT,"The generated answer appears to be unrelated to the question about accuracy differences from homework options. The content is incoherent and seems to be a jumbled mix of words, making it impossible to discern any relevance to the original query."
NON_RELEVANT,"The generated answer is unrelated to the question about loading a dataset directly into Kaggle Notebooks. The content appears to be a jumbled mix of words, phrases, and concepts from various domains (e.g., licenses, art, psychology, law), with no clear connection to the topic at hand."
